service_name,y2022,y2023,y2024,y2025,change_2022_to_2023,change_2023_to_2025
Roads - Pothole Maintenance,2645,7636,11316,5318,4991,-2318
RSP - Subsidized Programs - Fair Entry,267,4962,6910,6610,4695,1648
DBBS Inspection - Electrical,1,4603,3816,0,4602,-4603
Bylaw - Snow and Ice on Sidewalk,12861,17035,15018,10772,4174,-6263
DBBS Inspection - Residential Improvement Project - RIP,2,3445,2743,0,3443,-3445
DBBS - RIM - Property Research,588,3931,5330,5384,3343,1453
DBBS Inspection - Commercial or Multi-Family,1,3294,3068,0,3293,-3294
Roads - Snow and Ice Control,5687,8375,9166,5240,2688,-3135
DBBS Inspection - Gas,1,1979,1720,0,1978,-1979
Evacuated Residents Registration Form,0,1921,0,0,1921,-1921
