agency,requests,pct_of_all,service_types
CS - Emergency Management and Community Safety,268482,10.7,87
OS - Mobility,244646,9.7,72
OS - Waste and Recycling Services,210018,8.4,27
PD - Calgary Building Services,171811,6.8,33
CS - Calgary Community Standards,167957,6.7,64
CFOD - Finance,149780,6.0,15
TRAN - Roads,146903,5.8,55
OS - Parks and Open Spaces,134983,5.4,62
CPFS - Assessment and Tax,127566,5.1,23
UEP - Waste and Recycling Services,127464,5.1,29
OS - Water Services,107032,4.3,56
"PDS - Development, Business and Building Services",98704,3.9,64
CS - Calgary Parks,84296,3.4,42
UEP - Water Services,83311,3.3,41
OS - Calgary Transit,59241,2.4,21
