service_name,agency,requests,pct_of_other_channel
WRS - Cart Management,OS - Waste and Recycling Services,56469,4.2
Finance - ONLINE TIPP Agreement Request,CFOD - Finance,49795,3.7
AT - Property Tax Account Inquiry,CPFS - Assessment and Tax,43071,3.2
Finance - ONLINE TIPP Agreement Request,CPFS - Assessment and Tax,22449,1.7
WRS - New Service - Carts,OS - Waste and Recycling Services,20596,1.5
Parks - Tree Concern - GIS,OS - Parks and Open Spaces,19985,1.5
WRS - Waste - Residential,OS - Waste and Recycling Services,19457,1.5
WRS - Recycling - Blue Cart,OS - Waste and Recycling Services,18850,1.4
WRS - Compost - Green Cart,OS - Waste and Recycling Services,18235,1.4
CT - Lost Property,OS - Calgary Transit,16549,1.2
