agency,open_requests,pct_of_backlog,pct_of_agency_requests_still_open,median_age_days
OS - Mobility,14882,36.2,6.08,781.0
PICS - Customer Service and Communications,10973,26.7,41.43,790.0
CFOD - Customer Services and Communications,7720,18.8,24.85,1607.0
TRAN - Roads,1551,3.8,1.06,1744.0
CS - Calgary Community Standards,1164,2.8,0.69,1608.0
PD - Calgary Building Services,840,2.0,0.49,1600.0
CFOD - Finance,834,2.0,0.56,1600.0
CS - Emergency Management and Community Safety,667,1.6,0.25,388.0
UEP - Water Services,552,1.3,0.66,1614.0
TRAN - Calgary Transit,469,1.1,1.19,1613.0
