service_name,agency,open_requests
311 Contact Us,PICS - Customer Service and Communications,10941
311 Contact Us,CFOD - Customer Services and Communications,7577
Roads - Sidewalk - Curb and Gutter Repair,OS - Mobility,3383
Roads - Backlane Maintenance,OS - Mobility,2004
"Roads - NEW Signal, Left Turn or Pedestrian Light Request",OS - Mobility,1919
Roads - Safety and Education,OS - Mobility,1566
Roads - Roadway Maintenance,OS - Mobility,1485
Roads - Signs - Missing - Damaged,OS - Mobility,974
Roads - Debris on Street/Sidewalk/Boulevard,OS - Mobility,646
Roads - Pothole Maintenance,OS - Mobility,633
