service_name,requests,pct_of_no_community
CT - Lost Property,24335,14.6
Opinions on Business Units,11980,7.2
Recreation - Arena Booking Application,7759,4.7
Finance - ONLINE TIPP Agreement Request,7224,4.3
Recreation - School Facility Booking Application,6682,4.0
HR - Recruitment and Program Inquiry,5558,3.3
RSP - Registered Social Worker Letter,5266,3.2
Active Living Program Application,4847,2.9
Recreation - Athletic Park Booking Application,4459,2.7
Parks - Parks and Open Spaces Bookings,4458,2.7
