current_agency,p90_2021,p90_2023,p90_2025,change_2021_to_2025
"PDS - Development, Business and Building Services",7.0,13.0,49.0,42.0
CS - Calgary Fire,33.0,39.0,62.0,29.0
OS - Water Services,27.0,70.0,51.0,24.0
OS - Calgary Transit,28.0,32.0,49.0,21.0
OS - Parks and Open Spaces,13.0,14.0,25.0,12.0
PICS - Customer Service and Communications,3.0,6.0,10.0,7.0
CPFS - Assessment and Tax,7.0,9.0,12.0,5.0
OS - Waste and Recycling Services,5.0,7.0,7.0,2.0
LLSS - Law,3.0,3.0,4.0,1.0
CPFS - Finance,4.0,5.0,4.0,0.0
Corporate Wide Service Requests,3.0,2.0,2.0,-1.0
CS - Emergency Management and Community Safety,37.0,41.0,32.0,-5.0
PICS - Human Resources,171.20000000000005,3.0,5.0,-166.20000000000005
CS - Recreation and Social Programs,222.0,36.0,42.0,-180.0
OS - Mobility,377.59999999999854,192.0,73.0,-304.59999999999854
