community,population,avg_requests_per_year,requests_per_1000_residents,times_city_average,per_capita_rank,raw_count_rank
DOWNTOWN COMMERCIAL CORE,8225,8936.0,1086.4,2.78,1,1
SOUTHVIEW,1550,1601.0,1032.9,2.64,2,118
MONTGOMERY,4175,4043.0,968.4,2.48,3,16
INGLEWOOD,4130,3600.0,871.7,2.23,4,29
SHAGANAPPI,1765,1435.0,812.7,2.08,5,130
PARKHILL,1770,1397.0,789.0,2.02,6,132
HILLHURST,5475,4218.0,770.3,1.97,7,14
SUNNYSIDE,4000,3074.0,768.5,1.97,8,47
ROSEDALE,1495,1099.0,735.1,1.88,9,151
ST. ANDREWS HEIGHTS,1345,980.0,728.3,1.86,10,158
BRIDGELAND/RIVERSIDE,6350,4569.0,719.4,1.84,11,8
RAMSAY,2155,1529.0,709.3,1.82,12,122
HOUNSFIELD HEIGHTS/BRIAR HILL,2470,1743.0,705.7,1.81,13,109
SCARBORO,1010,699.0,691.6,1.77,14,173
TUXEDO PARK,5165,3494.0,676.4,1.73,15,32
CLIFF BUNGALOW,1805,1219.0,675.1,1.73,16,142
SUNALTA,3090,2058.0,665.9,1.7,17,92
BANFF TRAIL,3805,2503.0,657.7,1.68,18,73
SETON,3590,2328.0,648.5,1.66,19,81
GLENDALE,2715,1760.0,648.3,1.66,20,107
CARRINGTON,2750,1769.0,643.3,1.65,21,106
LIVINGSTON,3985,2561.0,642.7,1.64,22,70
CRESCENT HEIGHTS,6240,3996.0,640.4,1.64,23,18
ERLTON,1280,816.0,637.1,1.63,24,165
CORNERSTONE,6190,3888.0,628.1,1.61,25,21
ROSEMONT,1155,704.0,609.1,1.56,26,172
HIGHWOOD,2205,1343.0,609.1,1.56,27,135
NORTH GLENMORE PARK,2435,1465.0,601.6,1.54,28,126
RICHMOND,5250,3128.0,595.8,1.52,29,45
RENFREW,6580,3892.0,591.4,1.51,30,20
PARKDALE,2300,1350.0,587.0,1.5,31,134
CAPITOL HILL,4670,2732.0,584.9,1.5,32,63
ELBOW PARK,3285,1912.0,581.9,1.49,33,101
WEST HILLHURST,6635,3846.0,579.7,1.48,34,22
COLLINGWOOD,2290,1320.0,576.4,1.48,35,137
MOUNT PLEASANT,6325,3644.0,576.0,1.47,36,28
HIGHLAND PARK,4105,2354.0,573.4,1.47,37,80
EAU CLAIRE,1875,1073.0,572.0,1.46,38,154
FOREST LAWN,7230,4017.0,555.5,1.42,39,17
ROSSCARROCK,3490,1924.0,551.3,1.41,40,100
MAPLE RIDGE,1830,1004.0,548.6,1.4,41,157
SOUTH CALGARY,4540,2463.0,542.4,1.39,42,74
CAMBRIAN HEIGHTS,2000,1084.0,541.8,1.39,43,153
UPPER MOUNT ROYAL,2735,1468.0,536.6,1.37,44,125
WINSTON HEIGHTS/MOUNTVIEW,3605,1933.0,536.2,1.37,45,99
WILDWOOD,2765,1454.0,525.9,1.35,46,128
ALTADORE,7290,3805.0,521.9,1.34,47,23
CRESTMONT,2275,1186.0,521.1,1.33,48,144
BOWNESS,10770,5534.0,513.8,1.31,49,4
KILLARNEY/GLENGARRY,7920,4063.0,512.9,1.31,50,15
DOWNTOWN EAST VILLAGE,3140,1543.0,491.2,1.26,51,121
ELBOYA,1835,892.0,485.8,1.24,52,163
CHARLESWOOD,3595,1689.0,469.8,1.2,53,112
SOUTHWOOD,6095,2814.0,461.6,1.18,54,55
BANKVIEW,5125,2301.0,448.9,1.15,55,83
HAYSBORO,6960,3124.0,448.9,1.15,56,46
WILLOW PARK,5090,2180.0,428.3,1.1,57,84
GREENWOOD/GREENBRIAR,1055,449.0,425.6,1.09,58,183
OGDEN,8315,3498.0,420.7,1.08,59,31
KINGSLAND,4900,2061.0,420.6,1.08,60,91
ALBERT PARK/RADISSON HEIGHTS,6740,2800.0,415.4,1.06,61,56
DOWNTOWN WEST END,2825,1152.0,407.8,1.04,62,145
THORNCLIFFE,8695,3475.0,399.6,1.02,63,33
BRENTWOOD,7410,2954.0,398.6,1.02,64,51
CURRIE BARRACKS,1275,500.0,392.2,1.0,65,182
FAIRVIEW,3675,1402.0,381.5,0.98,66,131
LOWER MOUNT ROYAL,2990,1132.0,378.6,0.97,67,147
PUMP HILL,1455,548.0,376.6,0.96,68,180
SILVER SPRINGS,8570,3168.0,369.6,0.95,69,43
DALHOUSIE,8530,3140.0,368.1,0.94,70,44
CHINOOK PARK,1535,565.0,368.1,0.94,71,176
SHAWNEE SLOPES,2020,742.0,367.1,0.94,72,170
CANYON MEADOWS,7435,2725.0,366.5,0.94,73,64
VARSITY,12040,4402.0,365.6,0.94,74,10
RUTLAND PARK,2140,770.0,359.8,0.92,75,168
MISSION,4505,1614.0,358.3,0.92,76,116
MAYLAND HEIGHTS,5925,2114.0,356.7,0.91,77,89
HUNTINGTON HILLS,13120,4661.0,355.2,0.91,78,7
LINCOLN PARK,1590,561.0,352.5,0.9,79,177
SPRUCE CLIFF,4195,1474.0,351.4,0.9,80,124
LAKEVIEW,5640,1975.0,350.2,0.9,81,94
OAKRIDGE,5620,1958.0,348.3,0.89,82,95
ACADIA,9915,3367.0,339.5,0.87,83,35
WALDEN,7650,2591.0,338.6,0.87,84,68
MAHOGANY,13860,4692.0,338.5,0.87,85,6
KELVIN GROVE,1805,606.0,335.5,0.86,86,175
VISTA HEIGHTS,2300,772.0,335.4,0.86,87,167
SHAWNESSY,9055,3008.0,332.2,0.85,88,49
LAKE BONAVISTA,10145,3358.0,331.0,0.85,89,36
WINDSOR PARK,4410,1459.0,330.8,0.85,90,127
PARKLAND,3430,1134.0,330.6,0.85,91,146
DOVER,10795,3569.0,330.6,0.85,92,30
WESTGATE,3225,1064.0,329.9,0.84,93,155
LEGACY,8000,2638.0,329.7,0.84,94,66
GLENBROOK,7240,2386.0,329.6,0.84,95,77
MIDNAPORE,6480,2132.0,328.9,0.84,96,86
GARRISON GREEN,1680,552.0,328.3,0.84,97,178
BRAESIDE,5700,1863.0,326.8,0.84,98,103
NORTH HAVEN,2365,766.0,323.9,0.83,99,169
BELTLINE,25880,8332.0,321.9,0.82,100,2
GARRISON WOODS,2860,921.0,321.9,0.82,101,160
CITYSCAPE,5085,1604.0,315.3,0.81,102,117
CHINATOWN,2250,705.0,313.1,0.8,103,171
MARLBOROUGH,8910,2785.0,312.6,0.8,104,61
SCENIC ACRES,7850,2427.0,309.2,0.79,105,76
REDSTONE,9050,2789.0,308.1,0.79,106,59
COACH HILL,3275,978.0,298.6,0.76,107,159
SAGE HILL,9345,2786.0,298.1,0.76,108,60
FOREST HEIGHTS,5985,1775.0,296.5,0.76,109,105
CHRISTIE PARK,1880,551.0,293.1,0.75,110,179
SPRINGBANK HILL,9840,2879.0,292.6,0.75,111,52
FALCONRIDGE,10325,3011.0,291.6,0.75,112,48
WOODLANDS,5830,1693.0,290.3,0.74,113,111
CEDARBRAE,5935,1709.0,288.0,0.74,114,110
BEDDINGTON HEIGHTS,11295,3248.0,287.5,0.74,115,39
PENBROOKE MEADOWS,8235,2365.0,287.2,0.73,116,79
MARLBOROUGH PARK,8290,2379.0,287.0,0.73,117,78
WHITEHORN,11085,3172.0,286.1,0.73,118,42
TEMPLE,10525,2993.0,284.4,0.73,119,50
RIVERBEND,9205,2591.0,281.4,0.72,120,68
SIGNAL HILL,13000,3654.0,281.0,0.72,121,27
RANCHLANDS,7490,2097.0,280.0,0.72,122,90
WOODBINE,8745,2434.0,278.3,0.71,123,75
ARBOUR LAKE,10335,2872.0,277.9,0.71,124,53
PALLISER,3285,906.0,275.6,0.71,125,161
STRATHCONA PARK,6830,1882.0,275.5,0.7,126,102
UNIVERSITY HEIGHTS,2965,815.0,274.7,0.7,127,166
CASTLERIDGE,6130,1678.0,273.7,0.7,128,114
COUNTRY HILLS VILLAGE,2480,679.0,273.6,0.7,129,174
SADDLE RIDGE,24365,6610.0,271.3,0.69,130,3
PINERIDGE,9850,2661.0,270.2,0.69,131,65
ABBEYDALE,5925,1593.0,268.9,0.69,132,119
DEER RIDGE,3795,1016.0,267.7,0.69,133,156
PATTERSON,4145,1103.0,266.1,0.68,134,150
GLAMORGAN,6575,1744.0,265.2,0.68,135,108
RUNDLE,10545,2794.0,265.0,0.68,136,58
POINT MCKAY,1330,352.0,264.3,0.68,137,184
DISCOVERY RIDGE,4330,1115.0,257.5,0.66,138,148
DOUGLASDALE/GLEN,12920,3286.0,254.3,0.65,139,37
MACEWAN GLEN,4740,1206.0,254.3,0.65,140,143
HAWKWOOD,9115,2318.0,254.3,0.65,141,82
DEER RUN,4910,1244.0,253.3,0.65,142,139
HARVEST HILLS,7805,1937.0,248.2,0.64,143,98
EDGEMONT,15255,3758.0,246.3,0.63,144,25
CRANSTON,20850,5115.0,245.3,0.63,145,5
MCKENZIE TOWNE,17505,4284.0,244.7,0.63,146,13
GREENVIEW,2100,514.0,244.5,0.63,147,181
NOLAN HILL,8755,2136.0,244.0,0.62,148,85
MCKENZIE LAKE,13290,3207.0,241.3,0.62,149,40
QUEENSLAND,4585,1105.0,240.9,0.62,150,149
ERIN WOODS,6790,1632.0,240.4,0.62,151,115
WEST SPRINGS,11560,2777.0,240.2,0.61,152,62
ROCKY RIDGE,8195,1945.0,237.3,0.61,153,96
MARTINDALE,14540,3450.0,237.3,0.61,154,34
EVANSTON,18710,4367.0,233.4,0.6,155,11
COUNTRY HILLS,3660,848.0,231.6,0.59,156,164
VALLEY RIDGE,5365,1242.0,231.5,0.59,157,140
COPPERFIELD,14095,3250.0,230.6,0.59,158,38
SANDSTONE VALLEY,5795,1334.0,230.1,0.59,159,136
MILLRISE,6655,1514.0,227.5,0.58,160,123
SUNDANCE,9590,2124.0,221.4,0.57,161,88
NEW BRIGHTON,12885,2837.0,220.1,0.56,162,54
HIDDEN VALLEY,11540,2535.0,219.7,0.56,163,71
TUSCANY,19700,4298.0,218.1,0.56,164,12
COVENTRY HILLS,17350,3779.0,217.8,0.56,165,24
ROYAL OAK,11580,2517.0,217.3,0.56,166,72
SKYVIEW RANCH,12870,2797.0,217.3,0.56,167,57
SOMERSET,8320,1788.0,214.9,0.55,168,104
SHERWOOD,6520,1370.0,210.1,0.54,169,133
CHAPARRAL,12500,2596.0,207.6,0.53,170,67
ASPEN WOODS,9435,1939.0,205.5,0.53,171,97
AUBURN BAY,18090,3714.0,205.3,0.53,172,26
SILVERADO,7975,1592.0,199.6,0.51,173,120
CITADEL,10180,2018.0,198.2,0.51,174,93
HAMPTONS,7360,1446.0,196.5,0.5,175,129
CORAL SPRINGS,5610,1085.0,193.3,0.49,176,152
EVERGREEN,20780,3919.0,188.6,0.48,177,19
KINCORA,7030,1317.0,187.3,0.48,178,138
TARADALE,17630,3180.0,180.3,0.46,179,41
PANORAMA HILLS,25535,4505.0,176.4,0.45,180,9
RED CARPET,1745,306.0,175.4,0.45,181,185
COUGAR RIDGE,7150,1241.0,173.6,0.44,182,141
BRIDLEWOOD,12545,2130.0,169.7,0.43,183,87
MONTEREY PARK,10475,1681.0,160.5,0.41,184,113
APPLEWOOD PARK,6830,895.0,131.0,0.34,185,162
