community,rank_in_community,service_name,requests,pct_of_community
DOWNTOWN COMMERCIAL CORE,1,CBS Inspection - Commercial or Multi-Family,1196,6.7
DOWNTOWN COMMERCIAL CORE,2,Corporate - Graffiti Concerns,1086,6.1
DOWNTOWN COMMERCIAL CORE,3,N/A,794,4.4
INGLEWOOD,1,Corporate - Graffiti Concerns,717,10.0
INGLEWOOD,2,Parks - Tree Concern - WAM,360,5.0
INGLEWOOD,3,311 Contact Us,284,3.9
MONTGOMERY,1,WRS - Cart Management,354,4.4
MONTGOMERY,2,Bylaw - Snow and Ice on Sidewalk,268,3.3
MONTGOMERY,3,CBS Inspection - Electrical,264,3.3
SHAGANAPPI,1,WRS - Cart Management,227,7.9
SHAGANAPPI,2,Bylaw - Snow and Ice on Sidewalk,162,5.6
SHAGANAPPI,3,Parks - Garbage - WAM,86,3.0
SOUTHVIEW,1,WATS - Sewage Back-up,192,6.0
SOUTHVIEW,2,Corporate - Encampment Concerns,156,4.9
SOUTHVIEW,3,Bylaw - Material on Public Property,120,3.7
