community,closed_requests,median_days,p90_days
KINGSLAND,10575,4.0,48.0
ROSEDALE,5480,4.0,48.0
ELBOYA,4432,4.0,47.0
BURNS INDUSTRIAL,2463,3.0,47.0
FOOTHILLS,7112,2.0,46.0
HIGHWOOD,6460,3.0,46.0
UPPER MOUNT ROYAL,7017,3.0,46.0
HIGHFIELD,3261,3.0,46.0
MERIDIAN,2462,3.0,43.0
SCARBORO,3325,3.0,42.0
FAIRVIEW INDUSTRIAL,2462,3.0,42.0
DOWNTOWN COMMERCIAL CORE,46090,4.0,42.0
ALYTH/BONNYBROOK,4410,3.0,42.0
CLIFF BUNGALOW,5956,4.0,41.0
HORIZON,3775,3.0,41.0
FOREST LAWN INDUSTRIAL,2139,3.0,40.200000000000045
LOWER MOUNT ROYAL,5603,4.0,40.0
BRIDGELAND/RIVERSIDE,23893,3.0,39.0
STONEGATE LANDING,2142,2.0,39.0
WOODLANDS,7786,3.0,38.0
SHEPARD INDUSTRIAL,2914,3.0,38.0
MANCHESTER,2271,4.0,38.0
MISSION,8472,4.0,37.0
ELBOW PARK,10151,3.0,37.0
GREENVIEW INDUSTRIAL PARK,4658,3.0,37.0
CHINATOWN,3638,4.0,37.0
CRESCENT HEIGHTS,19676,4.0,36.0
BANKVIEW,11076,4.0,36.0
SOUTH CALGARY,12597,4.0,36.0
MCCALL,2621,3.0,36.0
BRITANNIA,2380,3.0,35.09999999999991
SUNRIDGE,4427,3.0,35.0
BELTLINE,42244,4.0,35.0
RICHMOND,15461,3.0,35.0
EAST SHEPARD INDUSTRIAL,6815,2.0,35.0
RAMSAY,7916,3.0,35.0
FRANKLIN,3077,2.0,35.0
LINCOLN PARK,2811,3.0,35.0
MANCHESTER INDUSTRIAL,12233,2.0,34.0
WESTWINDS,5374,3.0,34.0
SOUTHVIEW,8057,4.0,34.0
VISTA HEIGHTS,3902,4.0,34.0
KELVIN GROVE,3091,3.0,33.0
PARKHILL,6478,4.0,33.0
INGLEWOOD,18100,4.0,33.0
SUNNYSIDE,14488,4.0,33.0
DEER RIDGE,4971,3.0,33.0
ST. ANDREWS HEIGHTS,4815,3.0,33.0
SUNALTA,10722,3.0,32.899999999999636
HILLHURST,20744,3.0,32.0
CORAL SPRINGS,5776,3.0,32.0
HOUNSFIELD HEIGHTS/BRIAR HILL,8528,3.0,32.0
DOWNTOWN WEST END,6065,4.0,32.0
NORTH GLENMORE PARK,7024,3.0,32.0
COLLINGWOOD,6149,3.0,32.0
MEADOWLARK PARK,4232,3.0,32.0
WESTGATE,5574,3.0,32.0
ERLTON,4215,3.0,32.0
MONTGOMERY,19357,3.0,31.0
TUXEDO PARK,15984,3.0,31.0
WINDSOR PARK,7821,3.0,31.0
SOUTH AIRWAYS,4716,3.0,31.0
GLAMORGAN,9321,3.0,31.0
SHAWNEE SLOPES,4145,3.0,31.0
RUTLAND PARK,3708,3.0,31.0
CALGARY INTERNATIONAL AIRPORT,3126,2.0,31.0
CURRIE BARRACKS,2950,3.0,31.0
MARTINDALE,16589,3.0,31.0
SHAGANAPPI,8087,3.0,31.0
WILDWOOD,7193,3.0,31.0
SPRUCE CLIFF,7410,3.0,31.0
GLENDALE,8537,3.0,30.0
RUNDLE,13002,3.0,30.0
EAU CLAIRE,5383,4.0,30.0
SHAWNESSY,14329,3.0,30.0
RENFREW,19163,3.0,30.0
CAMBRIAN HEIGHTS,5124,3.0,30.0
FAIRVIEW,6667,3.0,29.400000000000546
BEDDINGTON HEIGHTS,16395,3.0,29.0
SILVERADO,9161,3.0,29.0
UNIVERSITY OF CALGARY,2893,3.0,29.0
DOWNTOWN EAST VILLAGE,9590,3.0,29.0
CAPITOL HILL,13822,3.0,29.0
WOODBINE,11726,3.0,29.0
MOUNT PLEASANT,17863,3.0,29.0
TEMPLE,14213,3.0,29.0
CHINOOK PARK,2917,3.0,29.0
PATTERSON,5078,3.0,29.0
GREENVIEW,2534,3.0,29.0
BANFF TRAIL,11854,3.0,28.0
SPRINGBANK HILL,14415,3.0,28.0
MCKENZIE LAKE,16477,4.0,28.0
ACADIA,16183,3.0,28.0
ROSSCARROCK,9239,3.0,28.0
OGDEN,17689,3.0,28.0
SCENIC ACRES,11270,3.0,28.0
WILLOW PARK,10830,3.0,28.0
HAYSBORO,14741,3.0,28.0
NEW BRIGHTON,13882,4.0,28.0
ALBERT PARK/RADISSON HEIGHTS,13732,3.0,28.0
SOUTHWOOD,14042,3.0,28.0
WINSTON HEIGHTS/MOUNTVIEW,9419,3.0,28.0
PARKDALE,7015,3.0,28.0
CHRISTIE PARK,2721,3.0,28.0
DEER RUN,6394,3.0,28.0
COUNTRY HILLS VILLAGE,3444,3.0,27.0
WEST HILLHURST,17986,3.0,27.0
CANYON MEADOWS,13544,3.0,27.0
THORNCLIFFE,16371,3.0,27.0
MARLBOROUGH,13644,3.0,27.0
PINERIDGE,13416,2.0,27.0
SIGNAL HILL,17753,3.0,27.0
WHITEHORN,16188,3.0,27.0
PUMP HILL,2628,2.0,27.0
AUBURN BAY,18750,4.0,27.0
EDGEMONT,17607,3.0,27.0
COACH HILL,4155,2.0,27.0
STRATHCONA PARK,8772,3.0,27.0
BOWNESS,29652,3.0,27.0
UNIVERSITY HEIGHTS,3709,2.0,27.0
ALTADORE,17173,3.0,27.0
QUEENSLAND,6142,3.0,27.0
HIDDEN VALLEY,12383,3.0,27.0
CEDARBRAE,8470,3.0,27.0
GARRISON WOODS,4580,3.0,27.0
MILLRISE,7590,3.0,27.0
VALLEY RIDGE,5842,3.0,26.0
RIVERBEND,13096,4.0,26.0
GLENBROOK,11427,3.0,26.0
DOUGLASDALE/GLEN,17372,4.0,26.0
KILLARNEY/GLENGARRY,20307,3.0,26.0
SILVER SPRINGS,14217,3.0,26.0
HAMPTONS,6911,4.0,26.0
ROSEMONT,3149,3.0,26.0
LAKEVIEW,10208,3.0,26.0
BRIDLEWOOD,10817,3.0,26.0
ARBOUR LAKE,14331,4.0,26.0
GARRISON GREEN,2747,2.0,26.0
HUNTINGTON HILLS,22430,3.0,26.0
COUNTRY HILLS,4323,3.0,26.0
SUNDANCE,10812,3.0,25.899999999999636
SOMERSET,8019,3.0,25.0
MONTEREY PARK,8749,3.0,25.0
HAWKWOOD,10687,3.0,25.0
EVANSTON,20725,3.0,25.0
BRENTWOOD,14049,3.0,25.0
PENBROOKE MEADOWS,11379,3.0,25.0
ASPEN WOODS,9820,3.0,25.0
DALHOUSIE,14187,2.0,25.0
VARSITY,21437,3.0,25.0
TUSCANY,20730,3.0,25.0
SHERWOOD,6275,3.0,25.0
PARKLAND,5451,3.0,25.0
MACEWAN GLEN,5809,3.0,24.0
MCKENZIE TOWNE,20963,4.0,24.0
KINCORA,6306,4.0,24.0
CASTLERIDGE,8160,3.0,24.0
EAST FAIRVIEW INDUSTRIAL,3451,1.0,24.0
ERIN WOODS,8011,3.0,24.0
CHARLESWOOD,8381,2.0,24.0
SANDSTONE VALLEY,6787,3.0,24.0
NOLAN HILL,9956,3.0,24.0
FOREST LAWN,19064,3.0,24.0
FOREST HEIGHTS,8499,3.0,24.0
HIGHLAND PARK,12894,2.0,24.0
UNIVERSITY DISTRICT,3285,3.0,24.0
BRAESIDE,9167,2.0,24.0
MIDNAPORE,10520,2.0,24.0
CRESTMONT,4482,3.0,24.0
RANCHLANDS,9833,3.0,23.0
FALCONRIDGE,15483,3.0,23.0
PANORAMA HILLS,21241,3.0,23.0
CRANSTON,25097,4.0,23.0
TARADALE,15777,3.0,23.0
STONEY 3,4121,2.0,23.0
BELVEDERE,3138,3.0,23.0
EVERGREEN,18361,3.0,23.0
COVENTRY HILLS,18176,3.0,23.0
NORTH HAVEN,3506,3.0,23.0
OAKRIDGE,9427,2.0,23.0
ABBEYDALE,7717,3.0,23.0
WEST SPRINGS,13298,3.0,23.0
ROCKY RIDGE,9050,3.0,22.0
CITADEL,10026,4.0,22.0
COUGAR RIDGE,5878,3.0,22.0
SADDLE RIDGE,33097,3.0,22.0
SAGE HILL,14957,4.0,22.0
BONAVISTA DOWNS,2007,3.0,21.40000000000009
DOVER,17648,3.0,21.0
MAYLAND HEIGHTS,10828,3.0,21.0
ROYAL OAK,11305,3.0,21.0
SKYVIEW RANCH,12946,3.0,21.0
LEGACY,14699,4.0,21.0
SETON,14407,4.0,21.0
MAPLE RIDGE,5042,3.0,21.0
HARVEST HILLS,9441,3.0,21.0
MAHOGANY,24321,4.0,21.0
LAKE BONAVISTA,16392,3.0,21.0
WALDEN,12584,4.0,21.0
PALLISER,4468,3.0,21.0
YORKVILLE,3664,4.0,21.0
BELMONT,5480,4.0,21.0
MARLBOROUGH PARK,11788,2.0,21.0
CHAPARRAL,13118,3.0,21.0
APPLEWOOD PARK,4768,3.0,21.0
NOSE HILL PARK,2044,2.0,20.0
GLENMORE PARK,6696,2.0,20.0
DISCOVERY RIDGE,5520,2.5,20.0
ALPINE PARK,2827,3.0,19.40000000000009
WOLF WILLOW,5271,3.0,18.0
CARRINGTON,11117,3.0,18.0
CITYSCAPE,9319,3.0,18.0
GREENWOOD/GREENBRIAR,2264,3.0,18.0
LIVINGSTON,14943,3.0,18.0
PINE CREEK,6772,3.0,18.0
REDSTONE,11577,3.0,17.0
COPPERFIELD,15864,3.0,17.0
GLACIER RIDGE,4373,4.0,16.0
CORNERSTONE,23410,3.0,15.0
HASKAYNE,4264,3.0,15.0
RANGEVIEW,3705,4.0,14.0
HOMESTEAD,3185,4.0,14.0
